{
  "$schema": "https://mintlify.com/schema.json",
  "name": "Autoppia Documentation",
  "logo": {
    "dark": "/logo/autoppia-dark.png",
    "light": "/logo/autoppia-light1.png"
  },
  "favicon": "/favicon.svg",
  "colors": {
    "primary": "#F17D1E",
    "light": "#F17D1E",
    "dark": "#F17D1E",
    "anchors": {
      "from": "#0D9373",
      "to": "#01AFF3"
    }
  },
  "topbarLinks": [
    {
      "name": "Support",
      "url": "mailto:contact.support@autoppia.com"
    }
  ],
  "topbarCtaButton": {
    "name": "Dashboard",
    "url": "https://dashboard.mintlify.com"
  },
  "tabs": [
    {
      "name": "API Reference",
      "url": "api-reference"
    },
    {
      "name": "AUTOPPIA & BITTENSOR",
      "url": "autoppia-x-bittensor"
    }
  ],
  "anchors": [
    {
      "name": "X",
      "icon": "x-twitter",
      "url": "https://x.com/AutoppiaAI"
    }
    ,
    {
      "name": "Telegram",
      "icon": "telegram",
      "url": "https://x.com/AutoppiaAI"
    }
  ],
  "navigation": [
    {
      "group": "Get Started",
      "pages": [
        "overview",
        "aiworkers",
        "products"
      ]
    },
    {
      "group": "AUTOPPIA & BITTENSOR",
      "pages": [
        "autoppia-x-bittensor/overview",
        "autoppia-x-bittensor/autoppia-validator",
        {
          "group": "Browser Assistance Subnet",
          "pages": [
            "browser-assistance-subnet/overview",
            "browser-assistance-subnet/incentive-mechanism",
            "browser-assistance-subnet/request-generation",
            "browser-assistance-subnet/workflow-generation",
            "browser-assistance-subnet/workflow-evaluation"

          ]

        }
      ]
    },
    {
      "group": "API Documentation",
      "pages": [
        "api-reference/introduction"
      ]
    },
    {
      "group": "Endpoint Examples",
      "pages": [
        "api-reference/endpoint/get",
        "api-reference/endpoint/create",
        "api-reference/endpoint/delete"
      ]
    }
  ],
  "footerSocials": {
    "x": "https://x.com/AutoppiaAI"
  }
}